Company Name,Phone Number,Address,Website
Geeks on Site Computer Software,N/A,N/A,N/A
"1. Cedar Hill Graphics, LLC",N/A,N/A,http://cedarhillgraphics.com/
2. My Computer Works,N/A,N/A,N/A
3. Geeks on Site Computer Software,N/A,N/A,N/A
4. HiTech PC Solutions,N/A,N/A,http://www.hitechpcsolutions.com
5. Ezellscomputers,N/A,N/A,N/A
6. Aldin Systems,N/A,N/A,http://www.aldinsystems.com
7. Geeks on Site,N/A,N/A,N/A
8. Dave's Computer Repair,N/A,N/A,N/A
9. TJ's Repair,N/A,N/A,N/A
10. Camis Inc,N/A,N/A,N/A
"11. Iqstrategix, Inc",N/A,N/A,https://www.iqstrategix.com
12. Towbook,N/A,N/A,http://www.towbook.com
13. HP ES Corp,N/A,N/A,N/A
14. Precision Computer Solutions,N/A,N/A,N/A
15. Matt's Computer Service,N/A,N/A,N/A
"16. Rapid Development Services, LLC",N/A,N/A,N/A
17. Hl Tech Solutions,N/A,N/A,http://www.hltechsolutions.com
18. Huron Computer Services,N/A,N/A,N/A
19. Amerimedia Inc,N/A,N/A,N/A
20. A1 Computers,N/A,N/A,N/A
21. Poc's Neverland Graphics,N/A,N/A,N/A
22. Extric,N/A,N/A,http://towbook.net
23. Quality Computer Solutions,N/A,N/A,https://qcsph.com
24. T B F Graphics/Digital,N/A,N/A,N/A
25. Salem Software,N/A,N/A,N/A
"26. Advantage Technologies Consulting, Inc.",N/A,N/A,https://www.adv-tech.com
27. Pagebean,N/A,N/A,http://pagebean.com
28. Prospect Pilot,N/A,N/A,N/A
29. Strategic Visionary Solutions,N/A,N/A,https://strategicvisionarysolutions.com/contact-us
30. Macomb Mobile Tech Experts Inc,N/A,N/A,N/A
